Name,OutCome,RunTime,TotalSplits,BoogieDumpTime
mouser_iobuilddevicecontrolwait_0.bpl.bpl.txt,OK,175.83946,124,0.843312
driver_irqlzwpassive_1.bpl.bpl.txt,OK,11.404628,10,3.262698
serial_markingqueuedirps_2.bpl.bpl.txt,OK,1163.079289,234,1.250081
mouser_ioallocateirpsignaleventincompletion_0.bpl.bpl.txt,OK,403.355765,172,0.85528
sys_irqlreturn_6.bpl.bpl.txt,NOK,14.941795,35,1.055002
mp_irqlkeapclte2_0.bpl.bpl.txt,OK,54.13221,59,2.228756
avc_pagedcode_1.bpl.bpl.txt,OK,39.168769,53,1.229161
hw_irqlkeraiselower_0.bpl.bpl.txt,OK,1202.529242,196,1.337354
sbp2port_markingqueuedirps_0.bpl.bpl.txt,TIMEDOUT,3600.0,238,1.992871
usbccgp_irqlioapclte_0.bpl.bpl.txt,OK,264.917434,75,1.612557
kbdclass_removelockforward2_1.bpl.bpl.txt,NOK,391.944912,130,0.977713
mouclass_signaleventincompletion_1.bpl.bpl.txt,OK,74.856898,109,0.912705
serial_pendedcompletedrequest3_0.bpl.bpl.txt,OK,290.092404,100,1.174739
serial_pagedcode_0.bpl.bpl.txt,TIMEDOUT,3600.0,264,1.254149
sys_pendedcompletedrequest_0.bpl.bpl.txt,NOK,19.388455,36,1.034489
ppa3x_nsremovelockmnsurpriseremove_0.bpl.bpl.txt,OK,135.078576,87,0.757685
usbprint_ioallocateirpsignaleventincompletion_0.bpl.bpl.txt,OK,487.187642,219,0.80238
mouser_removelockreleasecreate_1.bpl.bpl.txt,NOK,11.57217,57,0.743495
1394diag_pendedcompletedrequest_0.bpl.bpl.txt,OK,124.826759,82,0.855007
61883_ioallocateforward_0.bpl.bpl.txt,TIMEDOUT,3600.0,306,1.391449
Imapi_removelockforwarddevicecontrol2_0.bpl.bpl.txt,OK,286.798054,87,0.829747
modem_irqlkedispatchlte_0.bpl.bpl.txt,TIMEDOUT,3600.0,540,1.047902
kbdclass_removelockmnsurpriseremove_0.bpl.bpl.txt,TIMEDOUT,3600.0,285,0.844422
serial_pendedcompletedrequest3_2.bpl.bpl.txt,OK,266.647877,118,1.154632
61883_completerequest_1.bpl.bpl.txt,NOK,9.17789,20,1.32993
usbccgp_completerequeststatuscheck_0.bpl.bpl.txt,NOK,29.296942,35,1.674658
flpydisk_irqlexapclte1_1.bpl.bpl.txt,OK,532.227464,46,0.877445
sys_removelockmnsurpriseremove_0.bpl.bpl.txt,NOK,37.992412,32,0.999466
usbprint_completerequest_0.bpl.bpl.txt,NOK,17.321897,42,0.816868
kbdclass_ioallocateirpsignaleventincompletion_0.bpl.bpl.txt,OK,140.637795,70,0.813779
sbp2port_deletedevice_0.bpl.bpl.txt,OK,235.652729,105,1.041195
hw_irqldispatch_0.bpl.bpl.txt,OK,514.891973,166,1.251522
hw_irqlkewaitformutexobject_0.bpl.bpl.txt,OK,685.134576,162,1.292227
winnt_forwardedatbadirql_0.bpl.bpl.txt,OK,3191.521322,249,0.815031
mouser_removelockrelease2_0.bpl.bpl.txt,NOK,27.12572,69,0.83115
1394diag_ioallocatecomplete_0.bpl.bpl.txt,OK,358.427319,84,0.923357
tffsport_checkdeviceobjectflags_0.bpl.bpl.txt,TIMEDOUT,3600.0,126,3.212792
driver_zwregistryopen_1.bpl.bpl.txt,TIMEDOUT,3600.0,1055,3.385152
mouser_forwardedatbadirqlallocate_1.bpl.bpl.txt,NOK,56.561495,67,0.778266
mouser_forwardedatbadirqlallocate_0.bpl.bpl.txt,NOK,56.865311,86,0.787806
61883_ioreuseirp_1.bpl.bpl.txt,NOK,9.504312,22,1.229374
mp_removecheck_0.bpl.bpl.txt,OK,18.223555,17,1.219852
sbp2port_pendedcompletedrequest2_1.bpl.bpl.txt,NOK,8.682321,18,1.249603
mouser_iobuilddevicecontrolwait_1.bpl.bpl.txt,OK,221.742146,142,0.854251
driver_irqliopassive5_1.bpl.bpl.txt,OK,3.526772,1,2.558288
usbccgp_removelockreleaseinternaldevicecontrol_0.bpl.bpl.txt,NOK,12.225587,36,1.581794
driver_zwregistrycreate_0.bpl.bpl.txt,TIMEDOUT,3600.0,648,3.014589
driver_irqlkesetevent_2.bpl.bpl.txt,TIMEDOUT,3600.0,643,4.613903
daytona_removelockreleasepnp_0.bpl.bpl.txt,NOK,28.185413,32,0.99258
61883_pendedcompletedrequest_1.bpl.bpl.txt,NOK,13.420877,27,1.260529
